start,end,count
775445235,775446177,15819
776169266,776170341,15966
776891467,776892486,15964
777613607,777614632,15949
778335990,778337010,15964
779059019,779060044,15963
779783596,779784621,15954
780508346,780509365,15965
781234694,781235723,15966
781961873,781962896,15971
782689242,782690270,15966
783417691,783418728,15966
784145793,784146877,15966
784874121,784875177,15963
785602472,785603510,15938
786330887,786331916,15958
787059619,787060652,15966
787788835,787789873,15964
788517952,788519032,15968
789247029,789248082,15965
789976104,789977151,15969
790705216,790706278,15969
791434942,791436027,15965
792164326,792165355,15966
792893635,792894721,15969
793623240,793624326,15951
794353102,794354165,15968
795082714,795083800,15971
795812945,795814035,15968
796542773,796543859,15962
797272635,797273722,15965
798002609,798003696,15964
798732704,798733744,15959
799462917,799463952,15968
800193305,800194364,15959
800923526,800924613,15965
801654040,801655127,15945
802384715,802385771,15965
803115513,803116593,15961
803846247,803847332,15962
804576498,804577578,15963
805323607,805324663,15967
806058390,806059462,15970
806789579,806790653,15966
807523718,807524803,15963
808254695,808255780,15962
808989982,808991009,15975
809724652,809725736,15950
810455884,810456940,15967
811191144,811192224,15971
811926696,811927781,15962
812657944,812659000,15960
813392993,813394045,15967
814128162,814129224,15947
814859844,814860901,15940
815594997,815596077,15942
816331407,816332488,15830
817063703,817064793,15906
817799247,817800332,15829
818531324,818532404,15833
819266564,819267649,15851
820001452,820002527,15851
820733202,820734287,15834
821466285,821467365,15848
822196702,822197782,15829
822923176,822924265,15846
